user_input,response
"What is compound interest?","Compound interest is the interest calculated on the initial principal amount as well as the accumulated interest from previous periods. It allows your money to grow faster over time. The interest is added to the principal,and in the next period,interest is calculated on the new total. This compounding effect can significantly increase your savings or investment value."
"What are some tips for managing personal finances?","Managing personal finances effectively is important for financial well-being. Here are some tips: create a budget,track your expenses,prioritize saving,pay off high-interest debts,set financial goals,automate bill payments,build an emergency fund,invest for the future,and regularly review and adjust your financial plan."
"How can I improve my credit score?","Improving your credit score requires time and responsible financial habits. Some steps you can take include paying your bills on time,keeping credit card balances low,paying off debts,avoiding new credit applications unless necessary,regularly checking your credit report for errors,and maintaining a diverse credit mix. Consistent positive financial behavior will gradually improve your credit score."
"What is the difference between a Roth IRA and a Traditional IRA?","A Roth IRA and a Traditional IRA are both retirement savings accounts but with different tax advantages. Contributions to a Traditional IRA are typically tax-deductible,but withdrawals in retirement are subject to income tax. On the other hand,contributions to a Roth IRA are made with after-tax money,but qualified withdrawals in retirement are tax-free. Choosing between the two depends on your current and future tax situation."
"What are the benefits of diversifying my investment portfolio?","Diversifying your investment portfolio helps reduce risk by spreading your investments across different assets. It helps protect against volatility in specific markets or industries. By diversifying,you can potentially mitigate losses and capture gains from various sources. It's important to allocate your investments across different asset classes,such as stocks,bonds,real estate,and commodities,based on your risk tolerance and financial goals."
"What are the advantages of investing in index funds?","Index funds are a popular investment option due to several advantages. They offer broad market exposure,allowing investors to track the performance of an entire index or a specific market segment. Index funds tend to have low fees compared to actively managed funds,and their performance closely matches the index they track. They provide diversification and are a great choice for long-term investors seeking a passive investment approach."
"What is the difference between a bull market and a bear market?","A bull market refers to a market condition where prices are generally rising,and investor confidence is high. It signifies optimism and often leads to increased buying activity. On the other hand,a bear market is characterized by falling prices,pessimism,and a general decline in market sentiment. It often leads to increased selling activity. Bull and bear markets are part of market cycles and can impact investment returns."
"What is the role of an emergency fund?","An emergency fund is a savings account set aside for unexpected expenses or financial emergencies. It serves as a safety net,providing financial stability during challenging times such as job loss,medical expenses,or major repairs. It's recommended to have three to six months' worth of living expenses in your emergency fund. Having an emergency fund can help you avoid going into debt and give you peace of mind."
"What are the different types of insurance coverage I should consider?","Insurance coverage is essential for protecting yourself,your assets,and your loved ones. Some common types of insurance coverage to consider include health insurance,life insurance,auto insurance,homeowner's or renter's insurance,disability insurance,and liability insurance. The specific types of coverage you need depend on your individual circumstances,financial situation,and risk tolerance."
"What is the 50/30/20 budgeting rule?","The 50/30/20 budgeting rule is a simple guideline for managing your finances. It suggests allocating 50% of your income towards needs,such as housing,utilities,and food; 30% towards wants,such as entertainment and vacations; and 20% towards savings and debt repayment. This rule provides a framework for balancing your expenses and prioritizing saving and debt reduction."
"Can you explain the concept of risk tolerance in investing?","Risk tolerance refers to an investor's ability to handle the potential losses and volatility associated with investing. It varies from person to person based on factors such as age,financial goals,time horizon,and individual comfort level. Some investors have a higher risk tolerance and are willing to accept greater fluctuations in the value of their investments,while others prefer more conservative strategies with lower risk."
"How can I start investing with a small amount of money?","Starting to invest with a small amount of money is possible. Some options include investing in low-cost index funds or exchange-traded funds (ETFs),using micro-investing platforms,participating in employer-sponsored retirement plans,or joining investment clubs. Additionally,you can focus on building an emergency fund and gradually increasing your investment contributions over time. The key is to start early and be consistent with your investments."
"What are the tax advantages of a 401(k) retirement plan?","A 401(k) retirement plan offers several tax advantages. Contributions to a traditional 401(k) are made with pre-tax dollars,meaning they reduce your taxable income for the year. The contributions and any investment gains grow tax-deferred until withdrawal in retirement when they are subject to income tax. Some employers also offer matching contributions,which are essentially free money added to your retirement savings."
"Should I prioritize paying off debt or investing?","The decision to prioritize paying off debt or investing depends on several factors. High-interest debt,such as credit card debt,typically carries a higher financial burden,making it beneficial to prioritize paying it off. On the other hand,if the interest rates on your debts are low,and you have the potential to earn higher returns through investments,it might be more advantageous to focus on investing. It's important to evaluate your financial situation and consider both short-term and long-term goals."
"What are the potential risks of investing in the stock market?","Investing in the stock market carries some risks. Stock prices can be volatile and fluctuate based on various factors such as economic conditions,company performance,and market sentiment. There is a possibility of losing some or all of your invested capital. Additionally,individual stock selection and timing the market can be challenging. However,with a diversified portfolio,a long-term investment horizon,and a disciplined approach,the stock market can offer opportunities for wealth accumulation."
"Can you explain the concept of dollar-cost averaging?","Dollar-cost averaging is an investment strategy where an investor regularly invests a fixed amount of money at predetermined intervals,regardless of the market conditions. By doing so,the investor buys more shares when prices are low and fewer shares when prices are high. This approach reduces the impact of short-term market volatility and takes advantage of the long-term upward trend of the market. Dollar-cost averaging is a disciplined strategy suitable for long-term investors."
"What is the role of a financial advisor?","A financial advisor provides professional guidance on various financial matters. They can help you create a financial plan,set goals,make investment recommendations,provide retirement planning advice,assist with tax planning,and offer estate planning strategies. A financial advisor's role is to understand your unique financial situation,risk tolerance,and objectives,and provide personalized advice to help you make informed financial decisions."
"What are some strategies for reducing personal expenses?","Reducing personal expenses can help improve your financial situation. Some strategies include creating a budget and tracking your expenses,identifying discretionary spending that can be cut back,negotiating bills and insurance premiums,shopping for lower-priced goods and services,minimizing eating out and entertainment expenses,finding ways to save on utilities,and avoiding impulse purchases. Small changes in spending habits can add up to significant savings over time."
"Can you explain the concept of asset allocation?","Asset allocation is the strategy of diversifying your investment portfolio by spreading your investments across different asset classes,such as stocks,bonds,cash,and real estate. The goal is to balance risk and return based on your financial goals and risk tolerance. By diversifying your investments,you reduce the impact of market fluctuations on your portfolio's overall performance. Asset allocation should be periodically reviewed and adjusted based on changing market conditions and your investment objectives."
"What are the benefits of investing in real estate?","Investing in real estate offers several benefits. It can provide a steady stream of rental income,potential tax advantages through deductions and depreciation,potential appreciation in property value over time,and a hedge against inflation. Real estate can diversify your investment portfolio and serve as a tangible asset. However,it requires careful research,due diligence,and ongoing management to be successful as an investment."
"What is the difference between a credit card and a debit card?","A credit card and a debit card are two types of payment cards with key differences. A debit card is linked to your checking account,and purchases are deducted directly from your available balance. It allows you to spend only what you have in your account. On the other hand,a credit card allows you to borrow money up to a certain credit limit. You must repay the borrowed amount,usually with interest,by the due date to avoid additional charges."
"Can you explain the concept of inflation and its impact on purchasing power?","Inflation refers to the gradual increase in the prices of goods and services over time. When inflation occurs,each unit of currency buys fewer goods and services. This erosion in purchasing power means that over time,the same amount of money can buy less than it did in the past. It's important to consider inflation when making financial decisions and to invest in assets that have the potential to outpace inflation to preserve purchasing power."
"What is a savings account?","A savings account is a type of bank account designed for depositing and storing money while earning interest. It is typically used to save money for short-term goals,emergencies,or future expenses. Savings accounts are considered low-risk and provide easy access to funds. They offer a modest interest rate on the deposited amount,allowing your money to grow over time."
"What is the difference between a checking account and a savings account?","A checking account is primarily used for everyday transactions such as paying bills,withdrawing cash,and making purchases using a debit card or checks. It provides easy access to funds and often doesn't earn interest. On the other hand,a savings account is designed for storing money and earning interest over time. It is typically used for saving money and building an emergency fund."
"What is the role of a bank in the economy?","Banks play a crucial role in the economy by facilitating financial transactions,promoting savings and investments,and providing loans to individuals and businesses. They accept deposits from customers,which they can then lend out to borrowers. Banks also provide various financial services such as payment processing,currency exchange,investment advice,and wealth management. They contribute to economic growth by allocating capital and managing financial risks."
"What are the advantages of online banking?","Online banking offers several advantages. It provides convenient 24/7 access to your accounts,allowing you to check balances,transfer funds,pay bills,and manage transactions from anywhere with an internet connection. Online banking often offers features like mobile banking apps,e-statements,and the ability to set up automated payments. It can save time,reduce paper waste,and provide better financial management tools compared to traditional in-person banking."
"How can I protect my personal information while banking online?","Protecting your personal information while banking online is essential. Here are some tips: use strong and unique passwords for your online banking accounts,enable two-factor authentication if available,avoid using public Wi-Fi for banking transactions,keep your devices and software up to date,be cautious of phishing attempts and suspicious emails,regularly monitor your accounts for any unauthorized activity,and use secure and reputable online banking platforms."
"What is a certificate of deposit (CD)?","A certificate of deposit (CD) is a fixed-term savings account offered by banks. It requires you to deposit a specific amount of money for a predetermined period,which can range from a few months to several years. In return,the bank pays you a fixed interest rate that is typically higher than regular savings accounts. The interest is earned upon maturity,and early withdrawal may result in penalties. CDs are considered low-risk investments."
"What is a mortgage?","A mortgage is a loan provided by a bank or lender to finance the purchase of a home or property. It is secured by the property itself,which serves as collateral. Mortgages are typically long-term loans with a fixed or adjustable interest rate. Borrowers make regular monthly payments over the loan term until the debt is fully repaid. If the borrower fails to make payments,the lender has the right to foreclose and sell the property to recover the debt."
"What is the difference between a credit union and a bank?","Credit unions and banks are financial institutions,but there are some differences between them. Credit unions are member-owned,not-for-profit organizations that serve specific communities or groups. They often offer lower fees,competitive interest rates,and personalized customer service. Banks,on the other hand,are for-profit institutions owned by shareholders. They typically have a wider range of services,larger branch networks,and may offer more advanced financial products and technology."
"What is a wire transfer?","A wire transfer is a method of electronically transferring funds from one bank account to another. It allows for quick and secure transfer of money domestically or internationally. Wire transfers are commonly used for large transactions,such as purchasing real estate,paying suppliers,or transferring funds between financial institutions. However,they often involve fees,and you'll need specific information from the recipient,including their bank account number and routing number."
"How can I build a good credit history?","Building a good credit history is important for accessing credit and favorable loan terms. Here are some tips: pay your bills on time,keep your credit card balances low,use credit responsibly by avoiding maxing out credit cards,maintain a diverse mix of credit accounts,avoid opening too many new credit accounts at once,regularly check your credit report for errors,and be patient as it takes time to establish a positive credit history."
"What is overdraft protection?","Overdraft protection is a service offered by banks to prevent you from overdrawing your checking account and incurring fees. With overdraft protection,if you make a transaction that exceeds the available balance in your account,the bank covers the shortfall by transferring funds from a linked savings account,line of credit,or credit card. However,this service may come with fees or interest charges,so it's important to understand the terms and costs associated with it."
"What is a cashier's check?","A cashier's check is a secure form of payment issued by a bank or credit union. It is often used for large purchases or transactions that require guaranteed funds. When you request a cashier's check,you provide the bank with the amount of money needed plus any applicable fees. The bank then issues a check drawn from its own funds,making it a more secure form of payment compared to a personal check."
"What are the fees associated with banking services?","Banking fees vary depending on the financial institution and the specific services you use. Common fees include monthly maintenance fees for checking accounts,overdraft fees,ATM usage fees for using ATMs outside of the bank's network,wire transfer fees,foreign transaction fees,and fees for ordering checks or getting paper statements. It's important to review the fee schedule provided by your bank and consider fee-free or lower-fee alternatives when possible."
"What is mobile banking?","Mobile banking is a service provided by banks that allows customers to perform banking transactions using a mobile device,such as a smartphone or tablet. It offers features similar to online banking,including checking account balances,transferring funds,paying bills,depositing checks using the device's camera,and receiving account alerts. Mobile banking apps provide convenience and accessibility,allowing you to manage your finances on the go."
"What is a joint account?","A joint account is a bank account shared by two or more individuals,typically with an equal right to access and manage the funds. It can be useful for couples,family members,or business partners who want to pool their money and have joint ownership. Each account holder can make deposits,withdrawals,and perform transactions using the funds in the joint account. It's important to establish clear communication and trust when managing a joint account."
"What is the Federal Deposit Insurance Corporation (FDIC)?","The Federal Deposit Insurance Corporation (FDIC) is an independent federal agency in the United States that protects depositors against the loss of their deposits if an insured bank fails. It insures deposits up to $250,000 per depositor,per bank,for each account ownership category. The FDIC plays a critical role in maintaining confidence and stability in the banking system by safeguarding depositors' funds and promoting public trust in the financial system."
"What is the difference between a fixed interest rate and a variable interest rate?","A fixed interest rate remains the same throughout the term of a loan or deposit account. This means that your interest rate and monthly payments remain constant,providing stability and predictability. In contrast,a variable interest rate can change over time,usually based on a benchmark such as the prime rate or the London Interbank Offered Rate (LIBOR). With a variable rate,your interest payments may fluctuate,which can impact your monthly budget."
"What is a home equity loan?","A home equity loan is a type of loan that allows homeowners to borrow money using the equity they have built up in their home as collateral. The equity is the difference between the home's market value and the amount owed on the mortgage. Home equity loans provide a lump sum of money that can be used for various purposes,such as home improvements,debt consolidation,or major expenses. The loan is typically repaid over a fixed term with a fixed interest rate."
"What is the stock market?","The stock market is a platform where buyers and sellers trade shares of publicly traded companies. It provides a marketplace for investors to buy and sell stocks,bonds,and other securities. The stock market allows companies to raise capital by issuing shares to the public,and investors can participate in the market to potentially earn returns on their investments through capital appreciation and dividends."
"How does the stock market work?","The stock market works through the interaction of buyers and sellers. Investors place buy or sell orders for stocks through brokers or online trading platforms. These orders are matched,and transactions occur on stock exchanges,such as the New York Stock Exchange (NYSE) or Nasdaq. The prices of stocks are determined by supply and demand dynamics,with buyers bidding and sellers offering their shares at various prices."
"What is a stock exchange?","A stock exchange is a regulated marketplace where stocks and other securities are bought and sold. It provides a platform for buyers and sellers to trade securities in a transparent and organized manner. Stock exchanges facilitate the trading process by matching buy and sell orders and maintaining an orderly market. Some well-known stock exchanges include the New York Stock Exchange (NYSE),Nasdaq,London Stock Exchange,and Tokyo Stock Exchange."
"What is a stock?","A stock,also known as a share or equity,represents ownership in a company. When you buy a stock,you become a shareholder,which means you have a claim on the company's assets and earnings. Stocks can be classified into different types,such as common stock and preferred stock. Common stockholders have voting rights and share in the company's profits through dividends and capital appreciation. Preferred stockholders have a higher claim on assets but may not have voting rights."
"How can I buy stocks?","To buy stocks,you typically need to open an investment account with a brokerage firm or use an online trading platform. Once your account is set up,you can research and select the stocks you want to buy. Place an order with your broker or through the online platform specifying the stock's ticker symbol,the number of shares you want to purchase,and the price at which you are willing to buy. The order will be executed if there is a matching sell order at or below your specified price."
"What is a stock index?","A stock index is a measure of the performance of a specific group of stocks representing a market or a sector. It serves as a benchmark to gauge the overall performance of the stock market or a particular industry. Stock indices are calculated using a weighted average of the prices or market capitalization of the constituent stocks. Well-known stock indices include the S&P 500,Dow Jones Industrial Average (DJIA),and Nasdaq Composite."
"What are dividends?","Dividends are payments made by companies to their shareholders as a distribution of profits. When a company generates profits,it can choose to retain the earnings for reinvestment or distribute a portion to shareholders as dividends. Dividends are usually paid in cash on a per-share basis or can be issued as additional shares of stock. Dividend payments are typically made quarterly,but some companies pay dividends annually or on a different schedule."
"What is market volatility?","Market volatility refers to the rapid and significant price fluctuations in the stock market. It is a measure of the speed and magnitude of price changes in a particular security,market,or index. Volatility can be influenced by various factors,such as economic events,company news,geopolitical developments,and investor sentiment. Higher volatility indicates greater price fluctuations,while lower volatility suggests more stable price movements."
"What is a bull market?","A bull market refers to a period of time when the stock market experiences sustained upward price trends and investor optimism. During a bull market,stock prices generally rise,and investors are more inclined to buy stocks,expecting further price gains. Bull markets are often associated with economic growth,low unemployment,and positive investor sentiment. However,bull markets can't last indefinitely,and they are eventually followed by bear markets."
"What is a bear market?","A bear market is a period of time when the stock market experiences a sustained decline in prices and investor pessimism prevails. During a bear market,stock prices generally fall,and investors may sell stocks or take defensive positions to protect their portfolios. Bear markets are often associated with economic downturns,high unemployment,and negative investor sentiment. Bear markets can present challenges for investors,but they also offer opportunities to buy stocks at lower prices."
"How can I minimize risks in the stock market?","While investing in the stock market involves risks,there are strategies to help minimize potential losses. Diversification is key,which means spreading your investments across different stocks,sectors,and asset classes to reduce exposure to any single investment. Setting clear investment goals,conducting thorough research,and investing for the long term can also help. Additionally,using stop-loss orders,regularly reviewing your portfolio,and staying informed about market trends and company fundamentals can help manage risks."
"What is market capitalization?","Market capitalization,or market cap,is a measure of the total value of a publicly traded company. It is calculated by multiplying the company's stock price by the number of outstanding shares. Market capitalization categorizes companies into different size groups,such as large-cap,mid-cap,and small-cap. Large-cap companies have a higher market value,indicating they are generally larger and more established,while small-cap companies have a lower market value and may be smaller or newer."
"What is the Dow Jones Industrial Average (DJIA)?","The Dow Jones Industrial Average (DJIA) is a stock market index that represents the performance of 30 large,publicly traded companies in the United States. It is one of the most widely followed stock market indices and is often used as a barometer of the overall health of the U.S. stock market. The DJIA is a price-weighted index,which means that the stocks with higher prices have a greater impact on the index's movement."
"What companies are included in the Dow Jones Industrial Average?","The Dow Jones Industrial Average (DJIA) includes 30 major U.S. companies from various industries. Some of the companies currently included in the DJIA are Apple Inc.,Microsoft Corporation,The Boeing Company,The Walt Disney Company,Goldman Sachs Group Inc.,JPMorgan Chase & Co.,and Coca-Cola Company. The composition of the DJIA is periodically reviewed and can change over time to reflect the evolving U.S. economy."
"How is the Dow Jones Industrial Average calculated?","The Dow Jones Industrial Average (DJIA) is calculated using a price-weighted formula. It sums up the stock prices of the 30 component companies and divides the total by a divisor. The divisor is adjusted periodically to account for stock splits,dividends,and other corporate actions that may affect the index's value. The DJIA does not consider market capitalization or the relative size of the component companies in its calculation."
"What is the significance of the Dow Jones Industrial Average?","The Dow Jones Industrial Average (DJIA) is significant as a widely recognized indicator of the health and direction of the U.S. stock market. It serves as a reference point for investors,financial professionals,and the media to assess the performance of the overall market. Changes in the DJIA can influence investor sentiment and market trends. However,it's important to note that the DJIA represents only 30 stocks and may not fully represent the broader market."
"How can I invest in the Dow Jones Industrial Average?","You cannot directly invest in the Dow Jones Industrial Average (DJIA) itself because it is an index,not an investable asset. However,you can invest in the individual stocks that make up the DJIA. One way to gain exposure to the DJIA is by investing in exchange-traded funds (ETFs) or mutual funds that track the performance of the index. These funds aim to replicate the returns of the DJIA by investing in the component companies in the same proportion as the index."
"What factors can influence the Dow Jones Industrial Average?","The Dow Jones Industrial Average (DJIA) can be influenced by various factors,including economic indicators,corporate earnings reports,geopolitical events,monetary policy decisions,and investor sentiment. Positive economic data,strong earnings growth,or accommodative monetary policies can often lead to increases in the DJIA. Conversely,negative news,economic downturns,or geopolitical tensions can cause declines in the index. It's important to remember that the DJIA represents a snapshot of market conditions at a given time."
"What is a bull market for the Dow Jones Industrial Average?","A bull market for the Dow Jones Industrial Average (DJIA) refers to a sustained period of time when the index experiences significant upward price trends. It generally indicates investor optimism,positive economic conditions,and a rising stock market. During a bull market,the DJIA tends to rise,and investors may be more inclined to buy stocks. Bull markets can last for months or even years,but they are eventually followed by periods of market correction or bear markets."
"What is a bear market for the Dow Jones Industrial Average?","A bear market for the Dow Jones Industrial Average (DJIA) refers to a sustained period of time when the index experiences significant downward price trends. It generally indicates investor pessimism,economic downturns,and a declining stock market. During a bear market,the DJIA tends to decline,and investors may sell stocks or take defensive positions to protect their portfolios. Bear markets can be challenging for investors,but they can also present opportunities for long-term investors to buy stocks at lower prices."
"What is the historical performance of the Dow Jones Industrial Average?","The Dow Jones Industrial Average (DJIA) has shown long-term growth over its history,but it has also experienced periods of volatility and market downturns. Historical performance shows that the index has generally trended upward over the years,reflecting the growth of the U.S. economy and the component companies. However,it's important to note that past performance is not indicative of future results,and the DJIA's performance can vary over different time periods."
"What is the Dow Jones Industrial Average's role in the global economy?","The Dow Jones Industrial Average (DJIA) is one of the most widely recognized and followed stock market indices globally. While it represents only a portion of the U.S. stock market,the DJIA's movements can have an impact on investor sentiment and market trends worldwide. The index's performance can reflect broader economic conditions and investor confidence,influencing investment decisions and market movements beyond the United States."
"What is a certificate of deposit (CD)?","A certificate of deposit (CD) is a financial product offered by banks and credit unions that allows you to deposit a specific amount of money for a fixed period of time,known as the term or maturity. In return,the financial institution pays you interest on your deposit,which is typically higher than the interest rates on regular savings accounts. CDs are considered low-risk investments and can be a way to earn a guaranteed return on your money."
"How do certificates of deposit (CDs) work?","Certificates of deposit (CDs) work by depositing a specific amount of money with a bank or credit union for a predetermined period,usually ranging from a few months to several years. During the CD term,your money earns interest at a fixed rate,which is determined at the time of purchase. At the end of the term,you can choose to withdraw the principal and interest earned or renew the CD for another term."
"What are the benefits of investing in certificates of deposit (CDs)?","Investing in certificates of deposit (CDs) offers several benefits. First,CDs are considered low-risk investments because they are insured by the Federal Deposit Insurance Corporation (FDIC) up to the maximum allowed by law. Additionally,CDs provide a guaranteed return on your investment,as the interest rate is fixed for the duration of the term. They can also be a useful tool for short-term savings goals or as a part of a diversified investment portfolio."
"What are the different types of certificates of deposit (CDs)?","There are various types of certificates of deposit (CDs) available. The most common types include traditional fixed-rate CDs,where the interest rate remains constant throughout the term; variable-rate CDs,where the interest rate can change based on market conditions; and bump-up CDs,which allow you to increase the interest rate once during the term. Some institutions also offer special CDs,such as jumbo CDs for large deposits or IRA CDs for retirement savings."
"What happens if I withdraw money from a certificate of deposit (CD) before the maturity date?","Withdrawing money from a certificate of deposit (CD) before the maturity date may result in a penalty. The specific penalty varies depending on the financial institution and the terms of the CD. Typically,the penalty is a percentage of the interest earned or a certain number of months' worth of interest. It's important to review the terms and conditions of the CD before opening it to understand any penalties associated with early withdrawals."
"How is the interest on certificates of deposit (CDs) paid?","The interest on certificates of deposit (CDs) can be paid out in different ways depending on the terms of the CD. Some CDs offer the option to have the interest paid out regularly,such as monthly or quarterly,while others may accumulate the interest and pay it out along with the principal at the end of the term. You can choose the payout option that aligns with your financial goals and preferences when opening a CD."
"What is the minimum deposit required for a certificate of deposit (CD)?","The minimum deposit required for a certificate of deposit (CD) varies depending on the financial institution and the type of CD. It can range from as low as $500 to several thousand dollars. Some institutions may offer higher rates or additional benefits for larger deposits. It's important to check with the specific bank or credit union to determine the minimum deposit requirement for the CD you are interested in."
"Can I add more money to a certificate of deposit (CD) after it has been opened?","In most cases,you cannot add more money to a certificate of deposit (CD) after it has been opened. CDs are typically designed for a one-time deposit for a fixed term. However,some financial institutions offer flexible or add-on CDs that allow additional deposits during the term. These types of CDs may have specific requirements or limitations,so it's important to inquire with the institution offering the CD."
"What happens if a certificate of deposit (CD) matures and I don't take any action?","If a certificate of deposit (CD) matures and you don't take any action,some financial institutions may automatically renew the CD for another term of the same duration. The renewal may be at the prevailing interest rate at that time or a rate specified by the institution. However,it's essential to review the terms and conditions of the CD to understand the renewal process and any changes in the interest rate."
"What is a mutual fund?","A mutual fund is an investment vehicle that pools money from multiple investors to invest in a diversified portfolio of stocks,bonds,or other securities. It is managed by professional fund managers who make investment decisions on behalf of the investors. Mutual funds provide an opportunity for individual investors to access a wide range of securities and benefit from professional investment management."
"How do mutual funds work?","Mutual funds work by pooling money from multiple investors to create a fund. The fund is then invested in a diversified portfolio of securities based on the investment objective of the fund. The fund manager is responsible for buying and selling securities within the fund,aiming to generate returns for the investors. The profits and losses are shared among the investors in proportion to their investment in the fund."
"What are the benefits of investing in mutual funds?","Investing in mutual funds offers several benefits. First,mutual funds provide diversification,as they invest in a wide range of securities. This diversification helps to spread risk and reduce the impact of individual security performance. Additionally,mutual funds are managed by professional fund managers who have expertise in selecting and managing investments. Mutual funds also offer liquidity,allowing investors to buy or sell shares on any business day."
"What are the different types of mutual funds?","There are various types of mutual funds available,catering to different investment objectives and risk profiles. Some common types include equity funds,which invest in stocks; bond funds,which invest in fixed-income securities; balanced funds,which have a mix of stocks and bonds; index funds,which track a specific market index; and sector funds,which focus on a specific industry or sector."
"How can I invest in mutual funds?","To invest in mutual funds,you can typically purchase shares directly from the fund company or through a brokerage account. Many mutual funds have minimum investment requirements,which can vary depending on the fund. You can choose between different share classes,such as Class A,Class B,or Class C shares,which may have different fee structures and sales loads. It's important to research and select mutual funds that align with your investment goals and risk tolerance."
"What fees are associated with mutual funds?","Mutual funds have various fees and expenses that investors should be aware of. Common fees include expense ratios,which cover the fund's operating expenses; sales loads or commissions,which may apply when buying or selling shares; and 12b-1 fees,which are marketing and distribution fees. It's important to review the fund's prospectus and fee structure to understand the costs associated with investing in a mutual fund."
"What is the historical performance of mutual funds?","Mutual fund performance can vary depending on the fund's investment strategy,market conditions,and the skill of the fund manager. Historical performance data can provide insights into how a fund has performed over time,but it's important to note that past performance does not guarantee future results. Investors should consider factors such as the fund's investment objectives,risk profile,and expenses when evaluating mutual fund performance."
"What is the difference between load and no-load mutual funds?","Load and no-load mutual funds differ in terms of sales charges or commissions. Load funds charge a sales load,which is a percentage of your investment,as a commission to compensate brokers or financial advisors. No-load funds,on the other hand,do not charge a sales load. Instead,investors in no-load funds typically pay only the expense ratios and other operating expenses of the fund."
"What is the role of the fund manager in a mutual fund?","The fund manager plays a crucial role in a mutual fund. They are responsible for making investment decisions,buying and selling securities,and managing the portfolio to achieve the fund's investment objective. Fund managers conduct research,analyze market trends,and monitor the performance of securities within the fund. Their expertise and experience are essential in managing the fund and aiming to generate positive returns for investors."
"What are some factors to consider when selecting a mutual fund?","When selecting a mutual fund,there are several factors to consider. These include the fund's investment objective,risk profile,historical performance,expense ratio,fund manager's experience,and the fund's asset size. It's important to align the fund's investment strategy with your financial goals,evaluate its risk level,and understand the fees associated with investing in the fund. Conducting thorough research and consulting with a financial advisor can be helpful in the selection process."
"What is a checking account?","A checking account is a type of bank account that allows you to deposit and withdraw funds for day-to-day transactions. It provides a convenient way to manage your money,pay bills,and make purchases using checks,debit cards,or online transactions. Checking accounts often offer features like online banking,mobile banking,and the ability to earn interest on the balance,although interest rates may be lower compared to savings accounts."
"What documents do I need to open a checking account?","The specific documents required to open a checking account may vary depending on the bank or financial institution. Generally,you will need to provide a valid form of identification,such as a driver's license or passport. You may also need to provide proof of address,such as a utility bill or lease agreement. Some banks may require additional documentation,so it's best to check with the bank directly to ensure you have all the necessary documents."
"What are the benefits of having a checking account?","Having a checking account offers several benefits. First,it provides a secure place to store your money and helps you manage your day-to-day expenses. With a checking account,you can easily deposit and withdraw funds,make payments using checks or a debit card,and set up automatic bill payments. Many checking accounts also offer online and mobile banking services,allowing you to monitor your account,transfer funds,and access other convenient features."
"Are checking accounts FDIC insured?","Yes,checking accounts offered by banks that are members of the Federal Deposit Insurance Corporation (FDIC) are FDIC insured. FDIC insurance protects your deposits in case the bank fails,up to the maximum limit allowed by law. The current FDIC insurance limit is $250,000 per depositor,per bank. It's important to ensure that the bank where you open a checking account is FDIC insured to have the benefit of deposit insurance."
"What fees should I be aware of with a checking account?","Checking accounts may have various fees associated with them. Common fees include monthly maintenance fees,overdraft fees,ATM fees,and fees for using out-of-network ATMs. Some banks may also charge fees for additional services like paper statements or stop payment requests. It's important to review the fee schedule provided by the bank before opening a checking account to understand the potential costs."
"Can I earn interest on my checking account?","While checking accounts traditionally have lower interest rates compared to savings accounts,some banks offer interest-bearing checking accounts. These accounts allow you to earn a small amount of interest on your account balance. However,the interest rates are generally lower than what you would earn with a dedicated savings account. If earning interest is a priority,it's worth comparing different banks and their checking account options to find one that offers competitive interest rates."
"How can I avoid overdrawing my checking account?","To avoid overdrawing your checking account,it's important to keep track of your balance and transactions regularly. Make sure you are aware of your available balance before making any purchases or payments. It's a good practice to use online banking or mobile banking apps to monitor your account in real-time. Setting up account alerts can also notify you when your balance is low or when specific transactions are made,helping you avoid overdrawing your account."
"Can I open a joint checking account with someone else?","Yes,many banks allow you to open a joint checking account with another person. Joint checking accounts are commonly used by couples,family members,or business partners to manage shared expenses. Each account holder has equal access to the funds and can make transactions using the account. It's important to consider the responsibilities and implications of a joint account before opening one,as both account holders are liable for any overdrafts or fees."
"What should I do if I lose my debit card?","If you lose your debit card,it's important to take immediate action to protect your account. Contact your bank's customer service or use their online banking platform to report the lost card and request a replacement. In the meantime,you can ask the bank to temporarily freeze your account or disable the card to prevent unauthorized transactions. Monitor your account for any suspicious activity and review your bank's policies regarding lost or stolen cards for further guidance."
"What is a retirement account?","A retirement account is a type of investment account specifically designed to help individuals save and invest for their retirement. These accounts offer tax advantages,such as tax-deferred growth or tax-free withdrawals,depending on the type of retirement account. Common types of retirement accounts include 401(k),Individual Retirement Accounts (IRAs),Roth IRAs,and Simplified Employee Pension (SEP) IRAs."
"What are the benefits of having a retirement account?","Having a retirement account offers several benefits. First,retirement accounts provide individuals with a dedicated vehicle to save and invest for their retirement,helping to ensure a financially secure future. They also offer tax advantages,such as tax-deferred growth or tax-free withdrawals,depending on the type of retirement account. Additionally,some retirement accounts may offer employer matching contributions or allow individuals to make contributions with pre-tax dollars,further enhancing the savings potential."
"What is a 401(k) retirement account?","A 401(k) retirement account is a type of employer-sponsored retirement plan. It allows employees to contribute a portion of their pre-tax salary to the account,up to certain limits set by the Internal Revenue Service (IRS). Employers may also provide matching contributions,where they contribute a certain percentage of the employee's salary to the 401(k) account. Contributions to a 401(k) account grow tax-deferred until withdrawals are made during retirement."
"What is an Individual Retirement Account (IRA)?","An Individual Retirement Account (IRA) is a type of retirement account that individuals can set up on their own. There are two main types of IRAs: Traditional IRA and Roth IRA. Traditional IRAs allow individuals to contribute pre-tax dollars,and the earnings grow tax-deferred until withdrawals are made in retirement,at which point they are taxed as ordinary income. Roth IRAs,on the other hand,allow individuals to contribute after-tax dollars,and qualified withdrawals in retirement are tax-free."
"What are the contribution limits for retirement accounts?","The contribution limits for retirement accounts can vary depending on the type of account and the individual's age. As of 2023,the annual contribution limit for 401(k) accounts is $19,500 for individuals under 50 years old and $26,000 for individuals 50 years old or older (including catch-up contributions). For IRAs,the annual contribution limit is $6,000 for individuals under 50 years old and $7,000 for individuals 50 years old or older. It's important to note that these limits are subject to change,so it's advisable to check the IRS guidelines or consult with a financial advisor for the most up-to-date information."
"What happens if I withdraw money from my retirement account before retirement?","Withdrawing money from a retirement account before retirement may have financial consequences. In general,early withdrawals from retirement accounts may be subject to income taxes and may incur a 10% early withdrawal penalty,unless an exception applies. Exceptions include certain circumstances like disability,medical expenses,or qualifying first-time homebuyer expenses. It's important to understand the rules and potential penalties associated with early withdrawals from specific retirement accounts."
"What are the investment options within a retirement account?","The investment options within a retirement account can vary depending on the provider and the type of account. Typically,retirement accounts offer a range of investment options,such as mutual funds,index funds,target-date funds,stocks,bonds,and exchange-traded funds (ETFs). Some retirement accounts may also offer self-directed options,allowing individuals to choose specific investments outside of the provided options. It's important to review the available investment options and consider factors such as risk tolerance and investment goals when making investment decisions within a retirement account."
"What is the difference between a Traditional IRA and a Roth IRA?","The main difference between a Traditional IRA and a Roth IRA lies in how contributions and withdrawals are taxed. With a Traditional IRA,contributions may be tax-deductible,and the earnings grow tax-deferred. However,withdrawals in retirement are taxed as ordinary income. In contrast,Roth IRA contributions are made with after-tax dollars,meaning they are not tax-deductible. The earnings grow tax-free,and qualified withdrawals in retirement are tax-free as well. The choice between a Traditional IRA and a Roth IRA depends on individual circumstances and tax planning strategies."
"What happens to my retirement account if I change jobs?","If you change jobs,you have a few options for your retirement account. You can generally leave your retirement account with your previous employer,roll it over into your new employer's retirement plan,roll it over into an Individual Retirement Account (IRA),or cash out the account. Each option has different implications and potential tax consequences,so it's important to carefully consider the pros and cons and consult with a financial advisor before making a decision."
"What is a 401(k) account?","A 401(k) account is a type of employer-sponsored retirement plan that allows employees to save for retirement. It gets its name from the section of the U.S. tax code that governs it. With a 401(k),employees can contribute a portion of their pre-tax salary to the account,and the contributions grow tax-deferred until withdrawals are made during retirement."
"What are the benefits of having a 401(k) account?","Having a 401(k) account offers several benefits. First,it provides a convenient way to save for retirement through automatic contributions from your paycheck. Additionally,many employers offer matching contributions,where they contribute a percentage of your salary to your 401(k) account,which is essentially free money. Contributions to a 401(k) are tax-deferred,meaning you don't pay taxes on the contributions or investment gains until you make withdrawals in retirement."
"What are the contribution limits for a 401(k) account?","The contribution limits for a 401(k) account can vary each year and are set by the Internal Revenue Service (IRS). As of 2023,the annual contribution limit for employees is $19,500 for individuals under 50 years old. If you're 50 years old or older,you can make additional catch-up contributions of up to $6,500,bringing the total limit to $26,000. It's important to note that these limits may change,so it's a good idea to check the IRS guidelines or consult with your employer for the most up-to-date information."
"What happens if I contribute more than the 401(k) limit?","If you contribute more than the annual limit set by the IRS to your 401(k) account,you may face penalties and tax implications. It's important to monitor your contributions throughout the year to ensure you don't exceed the limit. If you do exceed the limit,you may need to withdraw the excess contributions and any associated earnings before the tax filing deadline to avoid penalties. It's advisable to consult with a tax professional or your plan administrator for guidance in such situations."
"What investment options are available within a 401(k) account?","The investment options available within a 401(k) account can vary depending on your employer's plan. Typically,401(k) plans offer a range of investment options,such as mutual funds,index funds,target-date funds,stocks,bonds,and exchange-traded funds (ETFs). Some plans may also provide a self-directed brokerage option,allowing you to choose specific investments outside of the provided options. It's important to review the investment options available in your plan and consider factors such as risk tolerance and investment goals when making investment decisions."
"What happens to my 401(k) account if I change jobs?","If you change jobs,you generally have a few options for your 401(k) account. You can leave your 401(k) account with your previous employer,roll it over into your new employer's 401(k) plan if they allow it,roll it over into an Individual Retirement Account (IRA),or cash out the account. Each option has different implications and potential tax consequences,so it's important to carefully consider the pros and cons and consult with a financial advisor or your plan administrator before making a decision."
"What are the withdrawal rules for a 401(k) account?","Withdrawals from a 401(k) account are generally allowed penalty-free starting at age 59 . However,if you make withdrawals before this age,you may be subject to a 10% early withdrawal penalty,in addition to regular"
"What are some long-term investment options?","Some long-term investment options include stocks,bonds,real estate,and mutual funds. It's important to diversify your portfolio to spread out the risk and potentially maximize returns."
"How can I start investing with a small amount of money?","Even with a small amount of money,you can start investing by opening an online brokerage account and investing in low-cost index funds or ETFs. You can also consider micro-investing apps that allow you to invest small amounts regularly."
"Is it better to invest in stocks or bonds?","The choice between stocks and bonds depends on your risk tolerance and investment goals. Stocks have higher potential returns but also higher volatility,while bonds provide more stability but lower returns. A balanced portfolio typically includes a mix of both."
"What is the difference between active and passive investing?","Active investing involves actively buying and selling securities in an attempt to outperform the market. Passive investing,on the other hand,involves investing in a broad market index and holding the investments for the long term,aiming to match the market's performance."
"What is dollar-cost averaging?","Dollar-cost averaging is an investment strategy where you invest a fixed amount of money at regular intervals,regardless of the market price. This approach helps to mitigate the impact of short-term market volatility and can result in lower average purchase prices over time."
"How can I minimize investment risk?","To minimize investment risk,you can diversify your portfolio by investing in different asset classes and industries. Additionally,conducting thorough research and staying informed about market trends can help you make more informed investment decisions."
"Should I invest in real estate or stocks?","The choice between real estate and stocks depends on your personal circumstances and investment goals. Real estate can provide a stable income stream through rental properties,while stocks offer higher liquidity and potential for capital appreciation."
"What are some tax-efficient investment strategies?","Some tax-efficient investment strategies include investing in tax-advantaged accounts like IRAs and 401(k)s,utilizing tax-loss harvesting to offset capital gains with capital losses,and investing in tax-efficient funds that minimize taxable distributions."
"How can I evaluate the performance of my investments?","You can evaluate the performance of your investments by calculating your return on investment (ROI),comparing it to relevant benchmarks,and monitoring the overall portfolio performance over time. It's important to regularly review and adjust your investments as needed."
"Is it a good idea to time the market?","Timing the market,or trying to predict short-term price movements,is generally not a recommended strategy for long-term investors. It's difficult to consistently time the market accurately,and frequent trading can result in higher transaction costs and potential losses."
"What is a wire transfer?","A wire transfer is a method of electronic funds transfer where money is sent from one bank account to another. It allows for quick and secure transfer of funds across different banks or even across borders."
"What information do I need to initiate a wire transfer?","To initiate a wire transfer,you typically need the recipient's full name,bank account number,routing number,and the name and address of their bank. It's important to ensure the accuracy of the information to avoid any issues with the transfer."
"How long does a wire transfer take to process?","The processing time for a wire transfer can vary depending on several factors,such as the banks involved,the destination country,and any intermediary banks. In general,domestic wire transfers can be completed within a few hours,while international transfers may take a few business days."
"Are there any fees associated with wire transfers?","Yes,wire transfers usually come with fees. The fees can vary depending on the banks involved and the type of transfer (domestic or international). It's important to check with your bank to understand the specific fees associated with wire transfers."
"What are the advantages of using wire transfers?","Wire transfers offer several advantages. They provide a secure and reliable way to transfer large sums of money,especially for urgent or time-sensitive transactions. Wire transfers also provide a clear record of the transaction,which can be useful for documentation and tracking purposes."
"Can I cancel or reverse a wire transfer once it has been initiated?","Cancellation or reversal of a wire transfer is generally difficult once it has been initiated. It's crucial to verify all the details before initiating the transfer to avoid any issues. If you believe there has been an error,contacting your bank immediately is the best course of action."
"Are there any limits on the amount of money I can transfer via wire transfer?","Yes,there are often limits on the amount of money you can transfer via wire transfer. These limits vary by bank and may depend on factors such as your account type,relationship with the bank,and regulatory requirements. It's best to check with your bank for specific details."
"What are some common reasons for wire transfers?","Wire transfers are commonly used for various purposes,such as sending money to family or friends,paying bills,making business transactions,purchasing real estate,and settling financial obligations in different countries. They provide a convenient way to transfer funds securely."
"Do I need to visit a bank branch to initiate a wire transfer?","In many cases,you can initiate a wire transfer without visiting a bank branch. Most banks offer online or mobile banking services that allow you to initiate wire transfers from the comfort of your home or office. Some banks may still require branch visits for certain types of wire transfers or if additional verification is needed."
"What are the security measures in place for wire transfers?","Banks have security measures in place to protect wire transfers,such as encryption,authentication protocols,and monitoring systems. It's important to ensure that you are using secure channels and providing accurate information to maintain the security of your wire transfers."
"Can I track the progress of a wire transfer?","Yes,you can often track the progress of a wire transfer. Your bank can provide you with a transaction reference number or tracking code that allows you to monitor the status of the transfer. This can give you peace of mind and help ensure that the funds reach the intended recipient."
"Are wire transfers always available 24/7?","The availability of wire transfers can vary by bank and country. Some banks offer 24/7 wire transfer services,while others may have specific cut-off times for initiating transfers. It's important to check with your bank to understand their wire transfer service hours and any applicable deadlines."
"What are some alternatives to wire transfers?","There are alternative methods for transferring money,such as electronic funds transfers (EFTs),mobile payment apps,peer-to-peer payment platforms,and online payment systems. These options may offer convenience and cost savings depending on your specific needs and preferences."
"What is my social security number", "011-11-1111 is your social security number"
"What is my phone number", "555-555-1234 is your phone number"
"What is my email address", "noone@nowhere.com is your email address"
"What is my credit card number", "378282246310005 is your credit card number"



